Abernathy Darwin,Dunlap
Abigail,Sponder
Ace,Merrill
Alan,Reed
Alberto,Malich
Alex,Garrett
Alexander,Dane
Alexandria,Dunphy
Alexis,Castle
Alfredo,Fettucini
Alice,Longbottom
Alistair,Deacon
Amandine,Poulain
Amos,Diggory
Amy,Green
Amy,Stone
Amy,Wong
Amélie,Poulain
Andreas,Zielonka
Andromeda,Black
André,Marek
Andy,Dufresne
Angelica,Teach
Angelina,Johnson
Annabel,Fairfax
Annagramma,Hawkin
Anthea,Tesdinic
Arabella,Figg
Argus,Filch
Arista,Montrose
Arlen,Bales
Arndt,Bechermann
Arthur,Weasley
Artur,Hawkwing
Ashley,Banks
Augusta,Longbottom
Augustus,DeWatt
B.A.,Baracus
Bartemius,Crouch
Bartleby,Gaines
Basher,Tarr
Beanie,Campbell
Bebe,Glazer
Belatrix,Black
Bellatrix,Lestrange
Ben,Harper
Ben,Lewis
Ben,Lewis
Ben,Stone
Bender,Rodriguez
Benjamin,Lockwood
Bernadette,Rostenkowski
Berniece,Brackett
Bertha,Jorkins
Bertie,Bott
Biff,Tannen
Bill,Fettucini
Bill,Weasly
Billy Tim,Denham
Billy,McBride
Billy,Tessio
Birgitte,Silverbow
Birtha,Jorkins
Blaise,Zabini
Bloody,Barron
Bob,Alexander
Bob,Kelly
Bob,Ogden
Bob,Parr
Bob,Parr
Bobbie,Morganstern
Bonnie,Donaly
Bonzo,Madrid
Brad,Stevenson
Bret,Stiles
Brian,Fantana
Brick,Tamland
Bruce,Banner
Bucky,Buchanan
Buddy,Pine
Bulldog,Briscoe
Bunny,Lebowski
Butch,Coolidge
Bärbel,Schmied
C.C.,Babcock
Cadsuane,Melaidhrin
Cal,Naughton Jr.
Calo,Sanza
Cam,Winston
Cameron,Drake
Cameron,Tucker
Carley,Bobby
Carlton,Banks
Caroline,Shepherd
Carrot,Ironfoundersson
Cassandra,Stone
Catherine,Banning
Cece,Parekh
Cedric,Diggory
Celine,Naville
Champ,Kind
Chandler,Bing
Charissa,Sosa
Charles,Montrose
Charles,Tucker III
Charlie,Harper
Charlie,Hogan
Charlie,Weasley
Charlotte,Montrose
Charmain,Baker
Chazz Michael,Michaels
Cheery,Littlebottom
Cho,Chang
Chris,Chambers
Chris,Hughes
Christopher John Francis,Boone
Christopher,Chant
Chuckie,Sullivan
Claire,Cleary
Claire,Dunphy
Claire,French
Clint,Barton
Colin,Creevy
Colonel,Lynch
Conrad,Tesdinic
Constance,Spano
Cora,Winston
Cormac,McLaggen
Cornelious,Fudge
Cory,Flemming
Craig,O'Laughlin
Damer,Flinn
Daniel,Collins
Daniel,Ocean
Danny,Imperiali
Daphne,Greengrass
Daphne,Moon
Daryl,Holloway
Dashiell,Parr
Dave,Kingman
Dave,Kovic
Dave,McFly
David,Levinson
David,Stern
Davram,Bashere
Davy,Jones
Dean,Thomas
Debi,Newberry
Dedulus,Diggle
Delphine,Angua
Denholm,Reynholm
Dennis,Creevey
Denny,Shields
Derek,Zoolander
Derrial,Book
Dexter,Haven
Diane,Chambers
Diane,Gaines
Dietmar,Schäffer
Dinah,Lord
Doctor,Zoidberg
Dominique,Bretodeau
Donald,Tilson
Donny,Douglas
Donny,Kerabatsos
Donovan,Donaly
Douglas,Black
Douglas,Reynholm
Dr. Arik,Soong
Dr. Mel,Karnofsky
DrWilliam,Tewksbury
Duane,Murphy
Duane,Stevenson
Duddly,Dersly
Ed,Boone
Ed,Harken
Eddie,Carmichael
Eddie,Langston
Eddie,Menuek
Eddie,Thomas
Edgar,Bones
Edmund,Collins
Edna,Mode
Edward,Johnston
Elaine,Marley
Elayne,Trakand
Eleanor,Branstone
Eleanor,Green
Elinor,Loredan
Elizabeth,Cutler
Elizabeth,Imbrie
Elizabeth,Swann
Elle,Woods
Ellen,Mitchell
Ellie,Graham
Eloise,Midgeon
Emily,Gilmore
Emily,Montgomery
Emma,Dobbs
Emmaline,Vance
Emmett,Brown
Emmett,Richmond
Ender,Wiggin
Eric,Chant
Erica,Flynn
Erik,Selvig
Ernie,Mcmillan
Ernie,Prang
Eskarina,Smith
Esmerelda,Weatherwax
Everett,Stone
Eyeball,Chambers
Faile,Bashere
Fairchild ,van Waldenberg
Falk,de Villiers
Faye,Moskowitz
Fedwin,Morr
Felix,La PuBelle
Filius,Flitwick
Finius,Nigelus
Fleur,Delacour
Florean,Fortesque
Forrest,Gump
Fran,Fine
Frank,Brackett
Frank,Bryce
Frank,Buffay Jr.
Frank,Catton
Frank,Harris
Frank,Naville
Frank,Ricard
Frank,Rossitano
François,Toulour
Frasier,Crane
Fred,Colon
Fred,Kwan
Fred,Weasley
Freddy,Bender
Frederick,Crane
Gabrielle,Delacour
Galad,Damodred
Galdo,Sanza
Gale,Bertram
Gareth,Bryne
Garth,Holliday
Gaspar,LeMarque
Gavin,Mitchell
Gawyn,Trakand
George,Kittredge
George,McFly
George,Weasley
Georgina,Dallymore
Gerald,Lambeau
Gideon,de Villiers
Gil,Chesterton
Gildaroy,Lockheart
Gill,Chavez
Gina,Tribbiani
Ginny,Weasley
Glenda,Montrose
Gloria,Cleary
Gloria,Pritchett
Godric,Gryffindor
Goldie,Wilson
Gordie,Lachance
Gordon,Pritchard
Grace,Shepherd
Grace,van Pelt
Graham,Pritchard
Granny,Aching
Greco,Montgomery
Greg,Lestrade
Gus,Petch
Guy,Fleegman
Guybrush,Threepwood
Gwen,DeMarco
Gwen,Harrison
Gwendolen,Chant
Gwendolyn,Shepherd
Gwenog,Jones
Gytha,Ogg
H.M.,Murdock
Hal,Weidmann
Haley,Dunphy
Hannah,Abbott
Hannes,Haas
Hans,Zielonka
Harlan,Fullbright
Havelock,Vetinari
Heather,Biblow
Hector,Barbossa
Hector,Gorgonzolas
Heike,Schäffer
Helen,Green
Helga,Hufflepuff
Herbert,Chorley
Herman,Toothrot
Hermes,Conrad
Hermione,Granger
Herold,Dingle
Hester,Crane
Hilary,Banks
Hoban,Washburne
Honey,Snow
Hoshi,Sato
Howard D.,Doyle
Howard,Brackett
Howard,Wolowitz
Howl,Pendragon
Hoyt,Ambrose
Humphrey,Belcher
Hunt,Stockwell
Hyrum,Graff
Ian Nicholas,McNally
Ichabod,Crane
Igor,Karkaroff
Ike,Graham
Ilyena,Moerelle
Inara,Serra
Irene,Adler
Isabel,Lahiri
J.J.,LaRoche
J.P.,Prewitt
Jack,Donaghy
Jack,Gaines
Jack,Geller
Jack,Hall
Jack,Menken
Jack,Sparrow
Jackson,Belleville
Jacob,White
Jacobim,Mugatu
Jake,Harper
Jake,Harper
James August Peregrin,Pimplebottom
James,Norrington
James,Potter
Jameson,Rook
Janet,Chant
Janet,Tokada
Janice,Litman
Jasmine,Dubrow
Jason,Evans
Jason,Nesmith
Jason,Stiles
Javier,Esposito
Jay,Pritchett
Jayne,Cobb
Jean,Girard
Jean,Pargetter
Jean,Tannen
Jean-Baptiste Emanuel,Zorg
Jeffrey,Lebowski
Jen,Barber
Jenna,Maroney
Jennifer,Parker
Jeremy,Grey
Jess,Day
Jess,Mariano
Jesus,Quintana
Jill,Green
Jim,Moriarty
Jimmy,MacElroy
Joey,Tribbiani
John Hannibal,Smith
John,Beckwith
John,Leaman
John,Spartan
John,Watson
Jonathan,Archer
Jonathan,Masbath
Joshamee,Gibbs
Joshua,Valienté
Jubal,Early
Judith,Hanson
Judy,Boone
Judy,Witwicky
Juilin,Sandar
Jules,Winnfield
Julia,Chant
Julia,Wilcox
Julie,Morton
Julius,Levinson
Karen,Cross
Kate,Beckett
Kate,Capsize
Kate,Collins
Kate,Costas
Kate,Erickson
Kathleen Kiki,Harrison
Kathleen,Cleary
Katie,Bell
Katie,van Waldenberg
Katinka,Ingabogovinanana
Kaylee,Frye
Keith,Halliwell
Kelly,Stone
Kenneth,Parcell
Kenny,Daly
Kevin,Ryan
Kif,Kroker
Kimball,Cho
Kingsley,Shacklebolt
Kirby,Gardner
Kirk,Gleason
Korben,Dallas
Lan,Mandragoran
Lana,Gardner
Lane,Kim
Lanie,Parish
Lara,Campbell
Largo,LaGrande
Larry,Dennit Jr.
Larry,Zoolander
Laura,Chapman
Lauren,Parry
Lauren,Schneider
Lavender,Brown
Lee,Phillips
Leesha,Paper
Lelaine,Akashi
Lenina,Huxley
Leonard,Hofstadter
Leopold,Marley
Leslie,Hay
Lettie,Hatter
Lilith,Sternin
Lily,Potter
Linda,McFly
Linus,Caldwell
Lionel,Hardcastle
Lionel,Logue
Livingston,Dell
Liz,Lemon
Lizzie,Gaines
Locke,Lamora
Logain,Ablar
Lorelai,Gilmore
Lorraine,Baines
Lucas,Montrose
Lucius,Best
Lucius,Malfoy
Lucius,Washington
Lucy,Bobby
Lucy,Hall
Lucy,Montrose
Ludo,Bagman
Lukas,Fehrwight
Luke,Danes
Luke,Dunphy
Luna,Lovegood
Luther,Wainwright
Macaulay,Connor
Madeleine,Hightower
Madeleine,Montrose
Madge,Hardcastle
Maggie,Carpenter
Maggie,Kauffman
Maggie,Madsen
Malcolm,Baddock
Malcolm,Reed
Malcolm,Reynolds
Manny,Delgado
Marcus,Belby
Marcus,Flint
Margaret,Lord
Margaret,Rook
Marge,Dursley
Margret,Tilney
Maria,Hill
Marietta,Edgecome
Mark,Evans
Marsellus,Wallace
Martha,Hatter
Martha,Rodgers
Martin Q.,Blank
Martin,Banks
Martin,Crane
Marty,McFly
Marvalo,Gaunt
Marylin,Hamilton Rexroth Doyle Massey
Mat,Cauthon
Matilda,Jeffries
Maude,Lebowski
Maurice,Moss
Maury,Ballstein
Max,Medina
Maxwell,Forrest
Maxwell,Sheffield
Maxwell,Smart
Mazer,Rackham
Meggie,Folchart
Meredith,Morton
Merope,Gaunt
Mia,Wallace
Michael,Harper
Michael,McCann
Michel,Gerard
Mikaela,Banes
Miles,Massey
Millicent,Bagnold
Millicent,Bulstrode
Millie,Chant
Min,Farshaw
Minerva,McGonagall
Miroslav Alexander Leopold,Rakoczy
Mitch,Martin
Mitchell,Pritchett
Moiraine,Damodred
Molly,Weasley
Monica,Geller
Monica,Jensson
Monica,Moreland
Mordecai,Roberts
Morfin,Gaunt
Morgase,Trakand
Mortimer,Folchart
Morty,Fine
Mr.,Heckles
Mundungus,Fletcher
Murray,Blum
Mustrum,Ridcully
Mycroft,Holmes
Nancy,Callahan
Narcissa,Malfoy
Natasha,Romanoff
Nelson,Azikiwe
Neville,Longbottom
Nicholas,Flamel
Nick,Fury
Nick,Harper
Nick,Miller
Nick,Shepherd
Nikki,Heat
Niles,Crane
Nimphodorah,Tonks
Nino,Quincampoix
Nobby,Nobbs
Noel,Shempsky
Nora,Tyler Bing
Nymphadora,Tonks
Nynaeve,al'Meara
Oliver,Wood
Ollie,Olerud
Otto,Bagman
Padma,Patil
Paolo,Montana
Paris,Geller
Parvatie,Patil
Patrick,Jane
Paul,de Villiers
Paul,Gilbert
Paul,Spericki
Pedron,Niall
Penelope,Clearwater
Penny,Johnson
Pepper,Potts
Percy,Weasly
Perrin,Aybara
Perspicacia,Tick
Pete,Hornberger
Peter,Brown
Peter,Diamond
Peter,Malloy
Peter,Regis
Petunia,Dursley
Phil,Coulson
Phil,Dunphy
Philip J.,Fry
Philip,Banks
Phoebe,Buffay
Pietro,Brwna
Ponder,Stibbons
Poppey,Pomfrey
Priya,Koothrappali
Professor,Farnsworth
Qiang,Shi
Rachel,Green
Raj,Koothrappali
Rand,al'Thor
Raphael,Bertelin
Raphaël,Poulain
Rapp,Scallion
Raymond,Dufayel
Red,Redding
Reese,Bobby
Regan,Shaw
Regina,Phalange
Reginald,Shoe
Remus,Lupin
Renna,Tanner
Resa,Folchart
Reuben,Tishkoff
Rex,Rexroth
Richard,Castle
Richard,Gilmore
Richard,van Horne
Ricky,Bobby
Rico,Doretti
River,Tam
Robert Rusty,Ryan
Robert,Lewis
Rocky,Hardcastle
Rod,Green
Roderick,Decker
Roger,Chant
Roger,Davies
Roman,Nagel
Romilda,Vane
Ron,Burgundy
Ron,Weasley
Ron,Witwicky
Rory,Gilmore
Rory,Thayer
Ross,Geller
Rowena,Ravenclaw
Roy,Montgomery
Roy,Trenneman
Roz,Doyle
Rubeus,Hagrid
Ruby,Rhod
Rufus,Scrimgeour
Rum,Rogers Jr.
Russell,Casse
Ryan,King
Sack,Lodge
Salazar,Slytherin
Sally,Linsay
Sally-Anne,Perks
Sam,Bosco
Sam,Hall
Sam,Witwicky
Samantha,Pierce
Samuel,Vimes
Sandy,Edwards
Sarah,Sorkin
Saul,Bloom
Scrappy,Zoolander
Seaine,Herimon
Seamus,Finnigan
Sean,Maguire
Seth,Lord
Sheldon,Cooper
Sherlock,Holmes
Sherman,Schrader
Sherry,Dempsey
Sidney,Kidd
Simon,Moon
Simon,Phoenix
Simon,Tam
Simon,Westbühl
Sirius,Black
Siuan,Sanche
Slevin,Kelevra
Sookie,St. James
Sophie,Haas
Sophie,Hatter
Stephen,Johnson
Steve,Rogers
Steven,Hiller
Stranz,van Waldenberg
Stuart,Bloom
Summer,Edgecombe
Susan,Bones
Susan,Harper
Susan,Sto Helit
Sybil,Vimes
Sylvia,Fine
Tag,Jones
Tam,al'Thor
Tanja,Doretti
Teddy,Duchamp
Templeton,Peck
Teresa,Lisbon
Terry,Benedict
Terry,Rapson
Tess,Ocean
Thom,Merrilin
Thomas J.,Whitmore
Thomas,Crown
Thomas,George
Tia,Dalma
Tiffany,Aching
Tigraine,Mantear
Tod,Johnson
Todd,Cleary
Tom,Dobbs
Tom,Gomez
Tom,Halliwell
Tommy,Volker
Tonino,Montana
Tony,Stark
Tracey,Smith
Tracy,Jordan
Tracy,Lord
Travis,Mayweather
Turanga,Leela
Turk,Malloy
Val,Toriello
Vance,Burress
Vern,Tessio
Veronica,Corningstone
Victoria,Gates
Viktor,Krum
Vincent,Vega
Violet,Parr
Virgil,Malloy
Virgil,Minelli
Vito,Cornelius
Vivian,Banks
Vivian,Kensington
W.,Bernhard
Walter,Brackett
Walter,Sobchak
Wayne,Rigsby
Weatherby,Swann
Wheezy,Joe
Will,Hunting
Will,Turner
William,Whitman
Windle,Poons
Winston,Bishop
Zapp,Brannigan
Zoe,Washburne
